{
  "project_info": {
    "project_number": "1066590843000",
    "firebase_url": "https://sih2019-4f448.firebaseio.com",
    "project_id": "sih2019-4f448",
    "storage_bucket": "sih2019-4f448.appspot.com"
  },
  "client": [
    {
      "client_info": {
        "mobilesdk_app_id": "1:1066590843000:android:da4392e309f1c62f",
        "android_client_info": {
          "package_name": "com.example.admin.busapp"
        }
      },
      "oauth_client": [
        {
          "client_id": "1066590843000-f2vkil3h51hbo1t72esc8kq9mnei4p4f.apps.googleusercontent.com",
          "client_type": 1,
          "android_info": {
            "package_name": "com.example.admin.busapp",
            "certificate_hash": "8c47be96b3c91d7c87645cf0890f3f86be78b1a2"
          }
        },
        {
          "client_id": "1066590843000-uri9fq75qet06uaq1qtf718clgsplubo.apps.googleusercontent.com",
          "client_type": 3
        }
      ],
      "api_key": [
        {
          "current_key": "AIzaSyCZ8iGxvJL9yH0PKaBOe8lddcrp_E-pu-E"
        }
      ],
      "services": {
        "analytics_service": {
          "status": 1
        },
        "appinvite_service": {
          "status": 2,
          "other_platform_oauth_client": [
            {
              "client_id": "1066590843000-uri9fq75qet06uaq1qtf718clgsplubo.apps.googleusercontent.com",
              "client_type": 3
            }
          ]
        },
        "ads_service": {
          "status": 2
        }
      }
    },
    {
      "client_info": {
        "mobilesdk_app_id": "1:1066590843000:android:13c3c6a65bcbec53",
        "android_client_info": {
          "package_name": "com.example.myapplication"
        }
      },
      "oauth_client": [
        {
          "client_id": "1066590843000-74bbop581b05k4o386tnrt9gdgq1c2gv.apps.googleusercontent.com",
          "client_type": 1,
          "android_info": {
            "package_name": "com.example.myapplication",
            "certificate_hash": "adc2797034e69a25cdb87bdebb7bef4ceb6ecda9"
          }
        },
        {
          "client_id": "1066590843000-uri9fq75qet06uaq1qtf718clgsplubo.apps.googleusercontent.com",
          "client_type": 3
        }
      ],
      "api_key": [
        {
          "current_key": "AIzaSyCZ8iGxvJL9yH0PKaBOe8lddcrp_E-pu-E"
        }
      ],
      "services": {
        "analytics_service": {
          "status": 1
        },
        "appinvite_service": {
          "status": 2,
          "other_platform_oauth_client": [
            {
              "client_id": "1066590843000-uri9fq75qet06uaq1qtf718clgsplubo.apps.googleusercontent.com",
              "client_type": 3
            }
          ]
        },
        "ads_service": {
          "status": 2
        }
      }
    },
    {
      "client_info": {
        "mobilesdk_app_id": "1:1066590843000:android:bb44a5ba908a6ce6",
        "android_client_info": {
          "package_name": "com.example.peoplemovement"
        }
      },
      "oauth_client": [
        {
          "client_id": "1066590843000-cc5skl1a74557o28e73lkj0hkh654clh.apps.googleusercontent.com",
          "client_type": 1,
          "android_info": {
            "package_name": "com.example.peoplemovement",
            "certificate_hash": "61cdf0ed0ddbc5c2a18d3e29e5192a46eaca3f4f"
          }
        },
        {
          "client_id": "1066590843000-uri9fq75qet06uaq1qtf718clgsplubo.apps.googleusercontent.com",
          "client_type": 3
        }
      ],
      "api_key": [
        {
          "current_key": "AIzaSyCZ8iGxvJL9yH0PKaBOe8lddcrp_E-pu-E"
        }
      ],
      "services": {
        "analytics_service": {
          "status": 1
        },
        "appinvite_service": {
          "status": 2,
          "other_platform_oauth_client": [
            {
              "client_id": "1066590843000-uri9fq75qet06uaq1qtf718clgsplubo.apps.googleusercontent.com",
              "client_type": 3
            }
          ]
        },
        "ads_service": {
          "status": 2
        }
      }
    }
  ],
  "configuration_version": "1"
}